INSERT INTO customers (customer_name, gender, age_group, city, state, signup_date) VALUES
('Aarav Sharma', 'Male', '18-25', 'Bengaluru', 'Karnataka', '2024-01-05'),
('Priya Nair', 'Female', '26-35', 'Kochi', 'Kerala', '2024-01-12'),
('Rahul Verma', 'Male', '26-35', 'Mumbai', 'Maharashtra', '2024-02-03'),
('Sneha Reddy', 'Female', '18-25', 'Hyderabad', 'Telangana', '2024-02-18'),
('Kiran Kumar', 'Male', '36-45', 'Chennai', 'Tamil Nadu', '2024-03-01'),
('Anjali Das', 'Female', '26-35', 'Kolkata', 'West Bengal', '2024-03-14'),
('Vikram Singh', 'Male', '36-45', 'Delhi', 'Delhi', '2024-04-02'),
('Meera Iyer', 'Female', '46-55', 'Bengaluru', 'Karnataka', '2024-04-09'),
('Rohan Gupta', 'Male', '18-25', 'Pune', 'Maharashtra', '2024-05-07'),
('Divya Menon', 'Female', '26-35', 'Kozhikode', 'Kerala', '2024-05-20'),
('Arjun Rao', 'Male', '26-35', 'Visakhapatnam', 'Andhra Pradesh', '2024-06-11'),
('Neha Jain', 'Female', '36-45', 'Jaipur', 'Rajasthan', '2024-06-25'),
('Sanjay Pillai', 'Male', '46-55', 'Thiruvananthapuram', 'Kerala', '2024-07-08'),
('Pooja Mishra', 'Female', '18-25', 'Lucknow', 'Uttar Pradesh', '2024-07-23'),
('Aditya Kulkarni', 'Male', '26-35', 'Nagpur', 'Maharashtra', '2024-08-05'),
('Lakshmi Krishnan', 'Female', '36-45', 'Coimbatore', 'Tamil Nadu', '2024-08-19'),
('Nikhil Shah', 'Male', '18-25', 'Ahmedabad', 'Gujarat', '2024-09-02'),
('Farah Khan', 'Female', '26-35', 'Delhi', 'Delhi', '2024-09-17'),
('Manoj Patil', 'Male', '36-45', 'Mumbai', 'Maharashtra', '2024-10-01'),
('Ritika Sen', 'Female', '26-35', 'Kolkata', 'West Bengal', '2024-10-15');

INSERT INTO categories (category_name) VALUES
('Electronics'),
('Fashion'),
('Home'),
('Beauty'),
('Sports'),
('Books'),
('Grocery'),
('Toys');

INSERT INTO suppliers (supplier_name, city, state) VALUES
('TechSource India', 'Bengaluru', 'Karnataka'),
('StyleKart Wholesale', 'Mumbai', 'Maharashtra'),
('HomePlus Traders', 'Delhi', 'Delhi'),
('FreshDaily Suppliers', 'Kochi', 'Kerala'),
('BookNest Distributors', 'Kolkata', 'West Bengal');

INSERT INTO products (product_name, category_id, supplier_id, brand, cost_price, selling_price) VALUES
('Wireless Mouse', 1, 1, 'LogiTech', 450.00, 799.00),
('Bluetooth Speaker', 1, 1, 'SoundMax', 950.00, 1499.00),
('USB-C Cable', 1, 1, 'CablePro', 120.00, 249.00),
('Men T-Shirt', 2, 2, 'UrbanFit', 250.00, 599.00),
('Women Kurti', 2, 2, 'EthnicWear', 400.00, 899.00),
('Running Shoes', 5, 2, 'RunFast', 1200.00, 2199.00),
('Coffee Mug', 3, 3, 'HomeEase', 90.00, 199.00),
('Bedsheet Set', 3, 3, 'SleepWell', 550.00, 999.00),
('Face Wash', 4, 3, 'GlowCare', 110.00, 249.00),
('Shampoo', 4, 3, 'HairFresh', 150.00, 349.00),
('Yoga Mat', 5, 3, 'FitLife', 380.00, 799.00),
('Cricket Bat', 5, 2, 'SportKing', 900.00, 1599.00),
('SQL Basics Book', 6, 5, 'LearnPro', 300.00, 599.00),
('Data Analyst Guide', 6, 5, 'CareerBooks', 350.00, 699.00),
('Rice 5kg', 7, 4, 'DailyGrain', 280.00, 399.00),
('Cooking Oil 1L', 7, 4, 'PureOil', 120.00, 185.00),
('Toy Car', 8, 5, 'FunKids', 180.00, 399.00),
('Puzzle Game', 8, 5, 'BrainyToys', 220.00, 499.00),
('Smart Watch', 1, 1, 'FitTime', 1800.00, 2999.00),
('Backpack', 2, 2, 'TravelGo', 650.00, 1299.00);

INSERT INTO inventory (product_id, warehouse_city, stock_quantity, reorder_level, updated_date) VALUES
(1, 'Bengaluru', 120, 30, '2025-01-01'),
(2, 'Bengaluru', 75, 25, '2025-01-01'),
(3, 'Bengaluru', 250, 50, '2025-01-01'),
(4, 'Mumbai', 180, 40, '2025-01-01'),
(5, 'Mumbai', 95, 30, '2025-01-01'),
(6, 'Mumbai', 45, 20, '2025-01-01'),
(7, 'Delhi', 160, 30, '2025-01-01'),
(8, 'Delhi', 55, 20, '2025-01-01'),
(9, 'Delhi', 140, 35, '2025-01-01'),
(10, 'Delhi', 130, 35, '2025-01-01'),
(11, 'Chennai', 60, 20, '2025-01-01'),
(12, 'Chennai', 22, 15, '2025-01-01'),
(13, 'Kolkata', 85, 20, '2025-01-01'),
(14, 'Kolkata', 70, 20, '2025-01-01'),
(15, 'Kochi', 200, 40, '2025-01-01'),
(16, 'Kochi', 190, 40, '2025-01-01'),
(17, 'Kolkata', 90, 25, '2025-01-01'),
(18, 'Kolkata', 65, 20, '2025-01-01'),
(19, 'Bengaluru', 35, 20, '2025-01-01'),
(20, 'Mumbai', 80, 25, '2025-01-01');

INSERT INTO orders (customer_id, order_date, order_status, sales_channel, delivery_city, delivery_state) VALUES
(1, '2025-01-03', 'Delivered', 'Website', 'Bengaluru', 'Karnataka'),
(2, '2025-01-06', 'Delivered', 'Mobile App', 'Kochi', 'Kerala'),
(3, '2025-01-10', 'Delivered', 'Website', 'Mumbai', 'Maharashtra'),
(4, '2025-01-14', 'Returned', 'Mobile App', 'Hyderabad', 'Telangana'),
(5, '2025-01-18', 'Delivered', 'Marketplace', 'Chennai', 'Tamil Nadu'),
(6, '2025-02-02', 'Delivered', 'Website', 'Kolkata', 'West Bengal'),
(7, '2025-02-07', 'Cancelled', 'Mobile App', 'Delhi', 'Delhi'),
(8, '2025-02-11', 'Delivered', 'Website', 'Bengaluru', 'Karnataka'),
(9, '2025-02-18', 'Delivered', 'Marketplace', 'Pune', 'Maharashtra'),
(10, '2025-02-25', 'Returned', 'Mobile App', 'Kozhikode', 'Kerala'),
(11, '2025-03-04', 'Delivered', 'Website', 'Visakhapatnam', 'Andhra Pradesh'),
(12, '2025-03-08', 'Delivered', 'Mobile App', 'Jaipur', 'Rajasthan'),
(13, '2025-03-12', 'Delivered', 'Marketplace', 'Thiruvananthapuram', 'Kerala'),
(14, '2025-03-17', 'Delivered', 'Website', 'Lucknow', 'Uttar Pradesh'),
(15, '2025-03-23', 'Returned', 'Mobile App', 'Nagpur', 'Maharashtra'),
(16, '2025-04-02', 'Delivered', 'Website', 'Coimbatore', 'Tamil Nadu'),
(17, '2025-04-07', 'Delivered', 'Marketplace', 'Ahmedabad', 'Gujarat'),
(18, '2025-04-11', 'Delivered', 'Mobile App', 'Delhi', 'Delhi'),
(19, '2025-04-16', 'Delivered', 'Website', 'Mumbai', 'Maharashtra'),
(20, '2025-04-20', 'Cancelled', 'Marketplace', 'Kolkata', 'West Bengal'),
(1, '2025-05-03', 'Delivered', 'Mobile App', 'Bengaluru', 'Karnataka'),
(3, '2025-05-06', 'Delivered', 'Website', 'Mumbai', 'Maharashtra'),
(5, '2025-05-11', 'Delivered', 'Website', 'Chennai', 'Tamil Nadu'),
(7, '2025-05-14', 'Delivered', 'Mobile App', 'Delhi', 'Delhi'),
(9, '2025-05-19', 'Returned', 'Marketplace', 'Pune', 'Maharashtra'),
(11, '2025-06-03', 'Delivered', 'Website', 'Visakhapatnam', 'Andhra Pradesh'),
(13, '2025-06-07', 'Delivered', 'Mobile App', 'Thiruvananthapuram', 'Kerala'),
(15, '2025-06-13', 'Delivered', 'Marketplace', 'Nagpur', 'Maharashtra'),
(17, '2025-06-18', 'Delivered', 'Website', 'Ahmedabad', 'Gujarat'),
(19, '2025-06-24', 'Delivered', 'Mobile App', 'Mumbai', 'Maharashtra');

INSERT INTO order_items (order_id, product_id, quantity, unit_price, discount_amount) VALUES
(1, 1, 1, 799.00, 50.00),
(1, 3, 2, 249.00, 0.00),
(2, 15, 1, 399.00, 20.00),
(2, 16, 2, 185.00, 0.00),
(3, 4, 2, 599.00, 100.00),
(3, 20, 1, 1299.00, 150.00),
(4, 9, 1, 249.00, 0.00),
(4, 10, 1, 349.00, 20.00),
(5, 11, 1, 799.00, 50.00),
(5, 7, 3, 199.00, 0.00),
(6, 13, 1, 599.00, 40.00),
(6, 14, 1, 699.00, 50.00),
(7, 2, 1, 1499.00, 100.00),
(8, 19, 1, 2999.00, 200.00),
(8, 3, 1, 249.00, 0.00),
(9, 6, 1, 2199.00, 200.00),
(10, 5, 1, 899.00, 100.00),
(10, 9, 2, 249.00, 20.00),
(11, 12, 1, 1599.00, 100.00),
(11, 11, 1, 799.00, 50.00),
(12, 18, 1, 499.00, 30.00),
(12, 17, 1, 399.00, 0.00),
(13, 15, 2, 399.00, 30.00),
(13, 16, 2, 185.00, 0.00),
(14, 8, 1, 999.00, 100.00),
(14, 7, 2, 199.00, 0.00),
(15, 20, 1, 1299.00, 100.00),
(16, 10, 2, 349.00, 30.00),
(16, 9, 1, 249.00, 0.00),
(17, 1, 1, 799.00, 50.00),
(17, 2, 1, 1499.00, 150.00),
(18, 19, 1, 2999.00, 250.00),
(19, 6, 1, 2199.00, 200.00),
(19, 4, 1, 599.00, 50.00),
(20, 13, 1, 599.00, 0.00),
(21, 5, 1, 899.00, 80.00),
(21, 7, 2, 199.00, 0.00),
(22, 2, 1, 1499.00, 100.00),
(22, 3, 2, 249.00, 0.00),
(23, 12, 1, 1599.00, 100.00),
(24, 14, 1, 699.00, 50.00),
(24, 13, 1, 599.00, 40.00),
(25, 6, 1, 2199.00, 250.00),
(26, 18, 2, 499.00, 50.00),
(27, 15, 1, 399.00, 20.00),
(27, 16, 2, 185.00, 0.00),
(28, 1, 2, 799.00, 100.00),
(29, 11, 1, 799.00, 50.00),
(29, 3, 3, 249.00, 0.00),
(30, 20, 1, 1299.00, 100.00);

INSERT INTO payments (order_id, payment_date, payment_method, payment_status, amount_paid) VALUES
(1, '2025-01-03', 'UPI', 'Paid', 1247.00),
(2, '2025-01-06', 'Debit Card', 'Paid', 749.00),
(3, '2025-01-10', 'Credit Card', 'Paid', 2247.00),
(4, '2025-01-14', 'UPI', 'Refunded', 578.00),
(5, '2025-01-18', 'Cash on Delivery', 'Paid', 1346.00),
(6, '2025-02-02', 'UPI', 'Paid', 1208.00),
(7, '2025-02-07', 'Credit Card', 'Failed', 0.00),
(8, '2025-02-11', 'Credit Card', 'Paid', 3048.00),
(9, '2025-02-18', 'UPI', 'Paid', 1999.00),
(10, '2025-02-25', 'Debit Card', 'Refunded', 1277.00),
(11, '2025-03-04', 'UPI', 'Paid', 2248.00),
(12, '2025-03-08', 'Wallet', 'Paid', 868.00),
(13, '2025-03-12', 'UPI', 'Paid', 1138.00),
(14, '2025-03-17', 'Credit Card', 'Paid', 1297.00),
(15, '2025-03-23', 'UPI', 'Refunded', 1199.00),
(16, '2025-04-02', 'Debit Card', 'Paid', 917.00),
(17, '2025-04-07', 'UPI', 'Paid', 2098.00),
(18, '2025-04-11', 'Credit Card', 'Paid', 2749.00),
(19, '2025-04-16', 'UPI', 'Paid', 2548.00),
(20, '2025-04-20', 'Wallet', 'Failed', 0.00),
(21, '2025-05-03', 'UPI', 'Paid', 1217.00),
(22, '2025-05-06', 'Credit Card', 'Paid', 1897.00),
(23, '2025-05-11', 'Debit Card', 'Paid', 1499.00),
(24, '2025-05-14', 'UPI', 'Paid', 1208.00),
(25, '2025-05-19', 'Credit Card', 'Refunded', 1949.00),
(26, '2025-06-03', 'Wallet', 'Paid', 948.00),
(27, '2025-06-07', 'UPI', 'Paid', 749.00),
(28, '2025-06-13', 'Debit Card', 'Paid', 1498.00),
(29, '2025-06-18', 'UPI', 'Paid', 1496.00),
(30, '2025-06-24', 'Credit Card', 'Paid', 1199.00);

INSERT INTO shipments (order_id, shipment_date, delivery_date, shipping_partner, shipping_status, shipping_cost) VALUES
(1, '2025-01-04', '2025-01-07', 'BlueDart', 'Delivered', 60.00),
(2, '2025-01-07', '2025-01-10', 'Delhivery', 'Delivered', 50.00),
(3, '2025-01-11', '2025-01-15', 'Ecom Express', 'Delivered', 70.00),
(4, '2025-01-15', '2025-01-19', 'BlueDart', 'Returned', 60.00),
(5, '2025-01-19', '2025-01-23', 'India Post', 'Delivered', 45.00),
(6, '2025-02-03', '2025-02-07', 'Delhivery', 'Delivered', 50.00),
(7, NULL, NULL, NULL, 'Not Shipped', 0.00),
(8, '2025-02-12', '2025-02-15', 'BlueDart', 'Delivered', 60.00),
(9, '2025-02-19', '2025-02-24', 'Ecom Express', 'Delivered', 70.00),
(10, '2025-02-26', '2025-03-03', 'Delhivery', 'Returned', 50.00),
(11, '2025-03-05', '2025-03-09', 'BlueDart', 'Delivered', 60.00),
(12, '2025-03-09', '2025-03-12', 'India Post', 'Delivered', 45.00),
(13, '2025-03-13', '2025-03-17', 'Delhivery', 'Delivered', 50.00),
(14, '2025-03-18', '2025-03-22', 'Ecom Express', 'Delivered', 70.00),
(15, '2025-03-24', '2025-03-29', 'BlueDart', 'Returned', 60.00),
(16, '2025-04-03', '2025-04-06', 'Delhivery', 'Delivered', 50.00),
(17, '2025-04-08', '2025-04-12', 'Ecom Express', 'Delivered', 70.00),
(18, '2025-04-12', '2025-04-15', 'BlueDart', 'Delivered', 60.00),
(19, '2025-04-17', '2025-04-22', 'Delhivery', 'Delivered', 50.00),
(20, NULL, NULL, NULL, 'Not Shipped', 0.00),
(21, '2025-05-04', '2025-05-07', 'BlueDart', 'Delivered', 60.00),
(22, '2025-05-07', '2025-05-11', 'Delhivery', 'Delivered', 50.00),
(23, '2025-05-12', '2025-05-16', 'Ecom Express', 'Delivered', 70.00),
(24, '2025-05-15', '2025-05-18', 'BlueDart', 'Delivered', 60.00),
(25, '2025-05-20', '2025-05-25', 'Delhivery', 'Returned', 50.00),
(26, '2025-06-04', '2025-06-08', 'India Post', 'Delivered', 45.00),
(27, '2025-06-08', '2025-06-12', 'Delhivery', 'Delivered', 50.00),
(28, '2025-06-14', '2025-06-18', 'Ecom Express', 'Delivered', 70.00),
(29, '2025-06-19', '2025-06-23', 'BlueDart', 'Delivered', 60.00),
(30, '2025-06-25', '2025-06-29', 'Delhivery', 'Delivered', 50.00);

INSERT INTO returns (order_id, product_id, return_date, return_reason, refund_amount) VALUES
(4, 9, '2025-01-20', 'Damaged item', 249.00),
(4, 10, '2025-01-20', 'Damaged item', 329.00),
(10, 5, '2025-03-04', 'Size issue', 799.00),
(10, 9, '2025-03-04', 'Wrong item', 478.00),
(15, 20, '2025-03-30', 'Quality issue', 1199.00),
(25, 6, '2025-05-26', 'Size issue', 1949.00);

INSERT INTO campaigns (campaign_name, channel, start_date, end_date, budget) VALUES
('New Year Sale', 'Website', '2025-01-01', '2025-01-15', 20000.00),
('Republic Day Offers', 'Mobile App', '2025-01-20', '2025-01-31', 15000.00),
('Summer Deals', 'Social Media', '2025-03-01', '2025-03-31', 25000.00),
('Fashion Week', 'Instagram', '2025-05-01', '2025-05-20', 18000.00),
('June Mega Sale', 'Website', '2025-06-01', '2025-06-30', 22000.00);

INSERT INTO coupons (coupon_code, campaign_id, discount_type, discount_value) VALUES
('NEWYEAR10', 1, 'Percent', 10.00),
('REPUBLIC50', 2, 'Flat', 50.00),
('SUMMER15', 3, 'Percent', 15.00),
('FASHION100', 4, 'Flat', 100.00),
('JUNE10', 5, 'Percent', 10.00);

INSERT INTO order_coupons (order_id, coupon_id, discount_amount) VALUES
(1, 1, 50.00),
(3, 1, 150.00),
(8, 2, 200.00),
(14, 3, 100.00),
(21, 4, 80.00),
(22, 4, 100.00),
(27, 5, 20.00),
(30, 5, 100.00);

INSERT INTO reviews (customer_id, product_id, rating, review_date, review_text) VALUES
(1, 1, 5, '2025-01-08', 'Good product'),
(2, 15, 4, '2025-01-11', 'Good quality'),
(3, 4, 4, '2025-01-16', 'Comfortable'),
(4, 9, 2, '2025-01-21', 'Item was damaged'),
(5, 11, 5, '2025-01-24', 'Very useful'),
(6, 13, 5, '2025-02-08', 'Helpful book'),
(8, 19, 4, '2025-02-16', 'Nice watch'),
(9, 6, 5, '2025-02-25', 'Great shoes'),
(10, 5, 2, '2025-03-05', 'Size issue'),
(11, 12, 4, '2025-03-10', 'Good bat'),
(12, 18, 5, '2025-03-13', 'Fun puzzle'),
(13, 15, 4, '2025-03-18', 'Good rice'),
(14, 8, 4, '2025-03-23', 'Nice bedsheet'),
(15, 20, 2, '2025-03-31', 'Quality could improve'),
(16, 10, 4, '2025-04-07', 'Good shampoo'),
(17, 2, 5, '2025-04-13', 'Sound is good'),
(18, 19, 4, '2025-04-16', 'Value for money'),
(19, 6, 5, '2025-04-23', 'Perfect fit'),
(1, 5, 4, '2025-05-08', 'Nice product'),
(3, 2, 5, '2025-05-12', 'Good speaker');
